{"cameraMode":{"drawMode":0,"name":"Shaded","section":"Shading Mode"},"sceneLighting":true,"audioPlay":false,"sceneViewState":{"showFog":true,"showMaterialUpdate":true,"showSkybox":true,"showFlares":true,"showImageEffects":true,"showParticleSystems":true},"in2DMode":false,"pivot":{"x":572.9000244140625,"y":-49.1500244140625,"z":0.0},"rotation":{"x":-0.11692582070827484,"y":-0.04526223987340927,"z":0.005334003828465939,"w":-0.9921485781669617},"size":2517.965087890625,"orthographic":false}